{
    "leader_group": [
        7,
        2,
        5,
        8
    ],
    "trust_score": [
        240,
        219,
        223,
        220,
        252,
        248,
        216,
        288,
        245,
        233
    ],
    "current_deposit": 0,
    "DEPOSIT": 500,
    "INCENTIVE": 50,
    "initial_credit": 1000,
    "credit": [
        1055.5555555555557,
        1055.5555555555557,
        1105.5555555555557,
        1055.5555555555557,
        1055.5555555555557,
        1055.5555555555557,
        1055.5555555555557,
        1055.5555555555557,
        500.0,
        1055.5555555555557
    ],
    "CURRENT_LEADER": 8,
    "NUM": 10,
    "time_mod": [
        0.0043119999999999825,
        0.0015739999999999643,
        0.0017569999999997865,
        0.002661466598510742,
        0.0006005764007568359,
        0.0002422332763671875,
        0.0004019737243652344,
        0.0005104541778564453,
        0.0002608299255371094,
        0.00021314620971679688,
        0.00016021728515625,
        0.0012254714965820312,
        0.0001633167266845703,
        0.0003044605255126953,
        0.00093841552734375,
        0.0004820823669433594,
        0.0008966922760009766,
        0.000438690185546875,
        0.0011451244354248047,
        0.0009775161743164062,
        0.0007750988006591797,
        0.00128173828125,
        0.0004994869232177734,
        0.0005064010620117188,
        0.0005316734313964844,
        0.002305269241333008,
        0.0006823539733886719,
        0.0008513927459716797,
        0.0005180835723876953,
        0.0009438991546630859,
        0.0006344318389892578,
        0.001863718032836914,
        0.001165628433227539,
        0.0008292198181152344
    ],
    "MAX_TRANS": 10
}