{
    "leader_group": [
        0,
        1,
        2,
        3,
        4,
        5,
        6,
        7,
        8,
        9
    ],
    "bid_amount": [],
    "trust_score": [
        454,
        503,
        223,
        448,
        406,
        400,
        362,
        412,
        393,
        415
    ],
    "current_deposit": 0,
    "DEPOSIT": 500,
    "INCENTIVE": 50,
    "initial_credit": 1000,
    "credit": [
        2305.5555555555557,
        2623.0,
        300,
        2115.0,
        1955.5555555555557,
        11505.555555555557,
        1905.555555557,
        1855.0,
        1300.0,
        2205.5555555555557
    ],
    "CURRENT_LEADER": 4,
    "NUM": 10,
    "time_mod": [
        0.0009086132049560547,
        0.0006511211395263672,
        0.0008158683776855469,
        0.0010521411895751953,
        0.0008020401000976562,
        0.0010006427764892578,
        0.0007059574127197266,
        0.0006973743438720703,
        0.0006344318389892578,
        0.001007080078125,
        0.0006268024444580078,
        0.0008485317230224609,
        0.0009410381317138672,
        0.0008645057678222656,
        0.0005786418914794922,
        0.000637054443359375,
        0.0006213188171386719,
        0.0007159709930419922,
        0.00084686279296875,
        0.0005824565887451172,
        0.0005881786346435547,
        0.0006644725799560547,
        0.0006878376007080078,
        0.0006475448608398438,
        0.0006668567657470703,
        0.0006935596466064453,
        0.0005853176116943359,
        0.0006728172302246094,
        0.0009095668792724609,
        0.0007824897766113281,
        0.0007102489471435547,
        0.0006375312805175781,
        0.0005812644958496094,
        0.001018524169921875,
        0.0006539821624755859,
        0.0007188320159912109,
        0.0006411075592041016,
        0.0005872249603271484,
        0.0008730888366699219,
        0.0006830692291259766,
        0.000579833984375,
        0.0005810260772705078,
        0.0007555484771728516,
        0.0006716251373291016,
        0.0006241798400878906,
        0.0007736682891845703,
        0.0005936622619628906,
        0.0006949901580810547,
        0.0006136894226074219,
        0.0007004737854003906
    ],
    "MAX_TRANS": 10
}