{
    "leader_group": [
        8,
        1,
        7,
        2
    ],
    "trust_score": [
        240,
        219,
        215,
        220,
        252,
        240,
        216,
        284,
        241,
        233
    ],
    "current_deposit": 500,
    "DEPOSIT": 500,
    "INCENTIVE": 50,
    "credit": [
        1000,
        1000.0,
        1000.0,
        1000,
        1000,
        1000,
        1000,
        1000,
        1000.0,
        1000
    ],
    "CURRENT_LEADER": 2,
    "NUM": 10,
    "time_mod": [
        0.0043119999999999825,
        0.0015739999999999643,
        0.0017569999999997865,
        0.002661466598510742,
        0.0006005764007568359,
        0.0002422332763671875,
        0.0004019737243652344,
        0.0005104541778564453,
        0.0002608299255371094,
        0.00021314620971679688,
        0.00016021728515625,
        0.0012254714965820312,
        0.0001633167266845703,
        0.0003044605255126953,
        0.00093841552734375,
        0.0004820823669433594,
        0.0008966922760009766,
        0.000438690185546875,
        0.0011451244354248047,
        0.0009775161743164062,
        0.0007750988006591797,
        0.00128173828125,
        0.0004994869232177734,
        0.0005064010620117188,
        0.0005316734313964844,
        0.002305269241333008,
        0.0006823539733886719,
        0.0008513927459716797
    ],
    "MAX_TRANS": 10
}