{
    "leader_size_10_100n" : [
        0.0009086132049560547,
        0.0006511211395263672,
        0.0008158683776855469,
        0.0010521411895751953,
        0.0008020401000976562,
        0.0010006427764892578,
        0.0007059574127197266,
        0.0006973743438720703,
        0.0006344318389892578,
        0.001007080078125,
        0.0006268024444580078,
        0.0008485317230224609,
        0.0009410381317138672,
        0.0008645057678222656,
        0.0005786418914794922,
        0.000637054443359375,
        0.0006213188171386719,
        0.0007159709930419922,
        0.00084686279296875,
        0.0005824565887451172,
        0.0005881786346435547,
        0.0006644725799560547,
        0.0006878376007080078,
        0.0006475448608398438,
        0.0006668567657470703,
        0.0006935596466064453,
        0.0005853176116943359,
        0.0006728172302246094,
        0.0009095668792724609,
        0.0007824897766113281,
        0.0007102489471435547,
        0.0006375312805175781,
        0.0005812644958496094,
        0.001018524169921875,
        0.0006539821624755859,
        0.0007188320159912109,
        0.0006411075592041016,
        0.0005872249603271484,
        0.0008730888366699219,
        0.0006830692291259766,
        0.000579833984375,
        0.0005810260772705078,
        0.0007555484771728516,
        0.0006716251373291016,
        0.0006241798400878906,
        0.0007736682891845703,
        0.0005936622619628906,
        0.0006949901580810547,
        0.0006136894226074219,
        0.0007004737854003906
    ],
    "leader_size_10_50n" : [
        0.0008199214935302734,
        0.0008471012115478516,
        0.0006778240203857422,
        0.000591278076171875,
        0.0015587806701660156,
        0.0007655620574951172,
        0.001386880874633789,
        0.0005939006805419922,
        0.0006430149078369141,
        0.0007085800170898438,
        0.000995635986328125,
        0.0010569095611572266,
        0.0006310939788818359,
        0.0006477832794189453,
        0.0005831718444824219,
        0.0005891323089599609,
        0.0006475448608398438,
        0.0005784034729003906,
        0.0006780624389648438,
        0.0010976791381835938,
        0.0006630420684814453,
        0.0005772113800048828,
        0.0006918907165527344,
        0.00119781494140625,
        0.0006506443023681641,
        0.0009987354278564453,
        0.0005817413330078125,
        0.000583648681640625,
        0.0006868839263916016,
        0.0007152557373046875,
        0.0008733272552490234,
        0.0006005764007568359,
        0.0007784366607666016,
        0.0006625652313232422,
        0.0006632804870605469,
        0.000579833984375,
        0.0010707378387451172,
        0.0006144046783447266,
        0.0006587505340576172,
        0.0005807876586914062,
        0.0005893707275390625,
        0.0005795955657958984,
        0.0007317066192626953,
        0.0005843639373779297,
        0.0006859302520751953,
        0.001043558120727539,
        0.0005910396575927734,
        0.0008704662322998047,
        0.0006158351898193359,
        0.0014030933380126953
    ],
    "leader_size_10_10n" : [
        0.0012981891632080078, 0.0014235973358154297, 0.0013422966003417969, 0.001758575439453125, 0.0018296241760253906, 0.0018627643585205078, 0.0012621879577636719, 0.0012595653533935547, 0.0013811588287353516, 0.001383066177368164, 0.0012726783752441406, 0.001558065414428711, 0.0013163089752197266, 0.0012602806091308594, 0.0016880035400390625, 0.0015735626220703125, 0.0014388561248779297, 0.0014939308166503906, 0.0016660690307617188, 0.001705169677734375, 0.0015819072723388672, 0.0014386177062988281, 0.001561880111694336, 0.0015325546264648438, 0.001994609832763672, 0.0013973712921142578, 0.0020341873168945312, 0.0012431144714355469, 0.0013093948364257812, 0.0016489028930664062, 0.0012586116790771484, 0.001851797103881836, 0.001791238784790039, 0.0019555091857910156, 0.00148773193359375, 0.0012907981872558594, 0.002024412155151367, 0.0015478134155273438, 0.0013170242309570312, 0.0015900135040283203, 0.0017979145050048828, 0.0015342235565185547, 0.0017948150634765625, 0.0018248558044433594, 0.0017807483673095703, 0.0015904903411865234, 0.0012924671173095703, 0.001528024673461914, 0.0017042160034179688, 0.0015637874603271484
    ],
    "leader_size_3_10n":[0.0011601448059082031, 0.0013170242309570312, 0.0011355876922607422, 0.0007829666137695312, 0.0011048316955566406, 0.0012981891632080078, 0.0006670951843261719, 0.001758575439453125, 0.0011553764343261719, 0.0014386177062988281, 0.0020341873168945312, 0.0012421607971191406, 0.001096963882446289, 0.001196146011352539, 0.0015735626220703125, 0.0013163089752197266, 0.00148773193359375, 0.0017979145050048828, 0.0010271072387695312, 0.001180887222290039, 0.0010700225830078125, 0.0012054443359375, 0.001791238784790039, 0.0011889934539794922, 0.0007328987121582031, 0.0011439323425292969, 0.0012924671173095703, 0.00118255615234375, 0.002024412155151367, 0.0006101131439208984, 0.001383066177368164, 0.0011305809020996094, 0.0014235973358154297, 0.0012133121490478516, 0.0015637874603271484, 0.0010840892791748047, 0.0010495185852050781, 0.0009365081787109375, 0.0012586116790771484, 0.001528024673461914, 0.0012428760528564453, 0.0011203289031982422, 0.0015342235565185547, 0.0008437633514404297, 0.0010061264038085938, 0.0006799697875976562, 0.0019555091857910156, 0.0009353160858154297, 0.0010056495666503906, 0.0013811588287353516]
    ,
    "leader_size_1_10n":[0.0010700225830078125, 0.0014578134155273438, 0.0012896241760253906, 0.0015900135040283203, 0.0017042160034179688, 0.00118255615234375, 0.0008854866027832031, 0.0007328987121582031, 0.0011305809020996094, 0.0011768341064453125, 0.0007305145263671875, 0.0012586116790771484, 0.0018248558044433594, 0.0010840892791748047, 0.0011203289031982422, 0.0012421607971191406, 0.0012595653533935547, 0.0008437633514404297, 0.0006799697875976562, 0.001758575439453125, 0.001096963882446289, 0.001528024673461914, 0.0016880035400390625, 0.0012924671173095703, 0.0020341873168945312, 0.0011048316955566406, 0.0009353160858154297, 0.001994609832763672, 0.001196146011352539, 0.0016489028930664062, 0.0008902549743652344, 0.001561880111694336, 0.0015342235565185547, 0.0008418560028076172, 0.001064300537109375, 0.0011267662048339844, 0.0012907981872558594, 0.0013422966003417969, 0.0010495185852050781, 0.001180887222290039, 0.0012602806091308594, 0.0011439323425292969, 0.0007829666137695312, 0.0008215904235839844, 0.0015325546264648438, 0.001705169677734375, 0.0012133121490478516, 0.0011320114135742188, 0.0016660690307617188, 0.0007171630859375]
    ,