{
    "time_mod_25_difficulty2": [
        0.09268199999999993,
        0.17403299999999988,
        0.1823389999999998,
        0.02887700000000004,
        0.09924200000000005,
        0.007083999999999979,
        0.058477,
        0.1537090000000001,
        0.10004599999999997,
        0.14174999999999993,
        0.22855500000000006,
        0.023724999999999996,
        0.0012699999999999934,
        0.16730699999999998,
        0.022855999999999987,
        0.034286999999999956,
        0.06624499999999989,
        0.01879099999999989,
        0.015109000000000039,
        0.11112000000000011,
        0.05211700000000019,
        0.08280599999999994,
        0.008987999999999996,
        0.04870200000000002,
        0.045970000000000066
    ],
    "time_mod_50_difficulty2": [
        0.12651499999999993,
        0.050728000000000106,
        0.034143000000000034,
        0.07949400000000018,
        0.048057000000000016,
        0.013176999999999994,
        0.187643,
        0.1295900000000001,
        0.07879299999999989,
        0.3082870000000002,
        0.0009970000000001367,
        0.023379999999999956,
        0.1220610000000002,
        0.06442199999999998,
        0.07954799999999995,
        0.026555000000000106,
        0.020976000000000106,
        0.10669400000000007,
        0.01564399999999999,
        0.046211,
        0.022653999999999952,
        0.04413400000000012,
        0.11136499999999994,
        0.012952999999999992,
        0.11508999999999991,
        0.03661599999999998,
        0.14382499999999987,
        0.04101899999999992,
        0.04028900000000002,
        0.25206099999999987,
        0.3665910000000001,
        0.12173199999999973,
        0.025980000000000114,
        0.031219999999999803,
        0.13381500000000024,
        0.06983800000000007,
        0.11263299999999998,
        0.10771100000000011,
        0.12335399999999996,
        0.02203899999999992,
        0.10086499999999976,
        0.035905999999999993,
        0.006218000000000057,
        0.08991799999999994,
        0.020411999999999875,
        0.012890999999999764,
        0.1182909999999997,
        0.033395000000000064,
        0.028010999999999786,
        0.0004550000000000942
    ],
    "time_mod_100_difficulty2": [
        0.2822319999999999,
        0.06335199999999996,
        0.142436,
        0.07171599999999989,
        0.17186199999999996,
        0.1016109999999999,
        0.04102600000000001,
        0.0015960000000000418,
        0.20699899999999993,
        0.07890000000000008,
        0.11308099999999999,
        0.025155999999999956,
        0.043652000000000024,
        0.10321200000000008,
        0.04582900000000001,
        0.00538100000000008,
        0.16609000000000007,
        0.1301469999999998,
        0.097858,
        0.188245,
        0.10108800000000007,
        0.037463000000000024,
        0.10978900000000003,
        0.018621,
        0.008806000000000092,
        0.10841699999999999,
        0.08011299999999988,
        0.03671100000000016,
        0.0023560000000000247,
        0.026747999999999994,
        0.016031999999999824,
        0.01771199999999995,
        0.08107600000000015,
        0.020235000000000003,
        0.10774099999999986,
        0.027363999999999944,
        0.053862999999999994,
        0.06440400000000013,
        0.013679999999999914,
        0.12378500000000003,
        0.004313999999999929,
        0.08283799999999997,
        0.07689900000000005,
        0.07084199999999985,
        0.14943699999999982,
        0.009824000000000055,
        0.08645199999999997,
        0.061561999999999895,
        0.20047700000000002,
        0.11448300000000011,
        0.12043900000000018,
        0.052418000000000076,
        0.08603199999999989,
        0.10315300000000027,
        0.1261899999999998,
        0.07455199999999995,
        0.094522,
        0.0212819999999998,
        0.05558300000000038,
        0.11354900000000012,
        0.0544690000000001,
        0.04157399999999978,
        0.04411599999999982,
        0.16543799999999997,
        0.10365399999999969,
        0.1263679999999998,
        0.16714099999999998,
        0.08496599999999987,
        0.0014230000000003962,
        0.12268500000000016,
        0.03894899999999968,
        0.0025479999999999947,
        0.04611900000000002,
        0.05465199999999992,
        0.0812339999999998,
        0.015649999999999942,
        0.06668800000000008,
        0.027242999999999906,
        0.04794400000000021,
        0.005614000000000008,
        0.043333000000000066,
        0.12358999999999964,
        0.13507900000000017,
        0.09984899999999985,
        0.050501999999999825,
        0.093499,
        0.06968900000000033,
        0.07515699999999992,
        0.003403000000000045,
        0.12438500000000019,
        0.14960299999999993,
        0.15027100000000004,
        0.05278699999999992,
        0.02592400000000028,
        0.05301599999999995,
        0.09267000000000003,
        0.09207999999999994,
        0.02136300000000002,
        0.04723999999999995,
        0.07535900000000018
    ],
    "time_mod_25_50kb_difficulty2": [
        0.11564799999999997,
        0.12324900000000005,
        0.031054999999999944,
        0.09951599999999994,
        0.08623999999999998,
        0.09597999999999995,
        0.18337100000000006,
        0.047990999999999895,
        0.14018399999999998,
        0.02824800000000005,
        0.14359899999999992,
        0.1326099999999999,
        0.05063799999999996,
        0.06460299999999997,
        0.021033999999999997,
        0.1314090000000001,
        0.02698899999999993,
        0.06894400000000012,
        0.02627199999999985,
        0.022150000000000114,
        0.15948800000000007,
        0.12926300000000013,
        0.14824599999999988,
        0.04570300000000005,
        0.0578770000000004
    ],